"","item","itemLabel","birthdate","deathdate"
"1","http://www.wikidata.org/entity/Q1192357","Natalya Medvedeva","1958","2003"
"2","http://www.wikidata.org/entity/Q3343512","Norbert Narach","1954","2009"
"3","http://www.wikidata.org/entity/Q3384752","Pierre Dhombre","1947","2007"
"4","http://www.wikidata.org/entity/Q1684760","Jean-Claude Izzo","1945","2000"
"5","http://www.wikidata.org/entity/Q295537","Eduard Limonov","1943","2020"
"6","http://www.wikidata.org/entity/Q21714446","Frédéric Musso","1941","2020"
"7","http://www.wikidata.org/entity/Q11927346","Jacques Quéralt","1941","2020"
"8","http://www.wikidata.org/entity/Q3014977","Danielle Collobert","1940","1978"
"12","http://www.wikidata.org/entity/Q2661358","Conrad Detrez","1937","1985"
"13","http://www.wikidata.org/entity/Q528804","Severo Sarduy","1937","1993"
"14","http://www.wikidata.org/entity/Q166641","Alexander Ginzburg","1936","2002"
"15","http://www.wikidata.org/entity/Q63790651","Maurice Trogoff","1934","2000"
"16","http://www.wikidata.org/entity/Q3121642","Guy Chaty","1934","2020"
"17","http://www.wikidata.org/entity/Q4139671","Alexander Glezer","1934","2016"
"18","http://www.wikidata.org/entity/Q56839726","Henri Krea","1933","2000"
"20","http://www.wikidata.org/entity/Q3301353","Maurice Rollet","1933","2014"
"21","http://www.wikidata.org/entity/Q2829895","Alain Guérin","1932","2017"
"22","http://www.wikidata.org/entity/Q15970836","Denise Jallais","1930","2020"
"23","http://www.wikidata.org/entity/Q3170984","Jean Breton","1930","2006"
"24","http://www.wikidata.org/entity/Q964869","Xavier Grall","1930","1981"
"25","http://www.wikidata.org/entity/Q1664182","Lamine Diakhate","1928","1987"
"26","http://www.wikidata.org/entity/Q913570","Pierre Bourgeade","1927","2009"
"27","http://www.wikidata.org/entity/Q3174546","Jean Sanitas","1927","2016"
"28","http://www.wikidata.org/entity/Q18008946","Daniel Anselme","1927","1989"
"29","http://www.wikidata.org/entity/Q3439941","Roland Bacri","1926","2014"
"30","http://www.wikidata.org/entity/Q3349173","Odette Casadesus","1925","1999"
"31","http://www.wikidata.org/entity/Q561835","Armand Gatti","1924","2017"
"32","http://www.wikidata.org/entity/Q3438728","Roger Bordier","1923","2015"
"33","http://www.wikidata.org/entity/Q2844637","Amédée Carriat","1922","2004"
"34","http://www.wikidata.org/entity/Q3435235","Robert Giraud","1921","1997"
"35","http://www.wikidata.org/entity/Q2347425","Frédéric Jacques Temple","1921","2020"
"36","http://www.wikidata.org/entity/Q2912778","Jean-François Chabrun","1920","1997"
"37","http://www.wikidata.org/entity/Q98923564","Hyacinthe Vulliez","1920","2017"
"38","http://www.wikidata.org/entity/Q2850850","Anne-Marie Cazalis","1920","1988"
"39","http://www.wikidata.org/entity/Q2847643","André Desthomas","1919","2004"
"40","http://www.wikidata.org/entity/Q3132928","Henry Magnan","1919","1965"
"41","http://www.wikidata.org/entity/Q2848604","André Salvet","1918","2006"
"42","http://www.wikidata.org/entity/Q16663863","Max Bilen","1916","1995"
"43","http://www.wikidata.org/entity/Q3384169","Pierre Boutang","1916","1998"
"44","http://www.wikidata.org/entity/Q164469","Pierre Emmanuel","1916","1984"
"45","http://www.wikidata.org/entity/Q1805768","Loys Masson","1915","1969"
"46","http://www.wikidata.org/entity/Q867852","Claude Roy","1915","1997"
"47","http://www.wikidata.org/entity/Q3160204","Jacques Yonnet","1915","1974"
"48","http://www.wikidata.org/entity/Q3173370","Jean Marcenac","1913","1984"
"49","http://www.wikidata.org/entity/Q34670","Albert Camus","1913","1960"
"50","http://www.wikidata.org/entity/Q3168722","Jean-Paul de Dadelsen","1913","1957"
"52","http://www.wikidata.org/entity/Q2475297","Armand Robin","1912","1961"
"53","http://www.wikidata.org/entity/Q1497792","René Leynaud","1910","1944"
"54","http://www.wikidata.org/entity/Q3102269","Georges Belmont","1909","2008"
"55","http://www.wikidata.org/entity/Q3383708","Pierre Andreu","1909","1987"
"56","http://www.wikidata.org/entity/Q1488","Robert Brasillach","1909","1945"
"57","http://www.wikidata.org/entity/Q593350","Pierre Unik","1909","1945"
"58","http://www.wikidata.org/entity/Q18515543","Mounie Nadler","1908","1942"
"59","http://www.wikidata.org/entity/Q3083769","François Abgrall","1906","1930"
"60","http://www.wikidata.org/entity/Q2978465","Claudine Chonez","1906","1995"
"62","http://www.wikidata.org/entity/Q2633593","Jean Amrouche","1906","1962"
"63","http://www.wikidata.org/entity/Q2366496","René Laporte","1905","1954"
"64","http://www.wikidata.org/entity/Q3483357","Sidonie Baba","1905","1973"
"65","http://www.wikidata.org/entity/Q3171893","Jean Durtal","1905","1999"
"66","http://www.wikidata.org/entity/Q1368557","Vladimir Solomonovich Pozner","1905","1992"
"67","http://www.wikidata.org/entity/Q3263223","Louis Truc","1904","1973"
"68","http://www.wikidata.org/entity/Q3371319","Paul Gilson","1904","1963"
"69","http://www.wikidata.org/entity/Q2706190","Raoul Follereau","1903","1977"
"70","http://www.wikidata.org/entity/Q333615","Raymond Radiguet","1903","1923"
"71","http://www.wikidata.org/entity/Q3293020","Marietta Martin","1902","1944"
"72","http://www.wikidata.org/entity/Q15970653","Henriette Dibon","1902","1989"
"73","http://www.wikidata.org/entity/Q297881","Louise Lévêque de Vilmorin","1902","1969"
"74","http://www.wikidata.org/entity/Q3175055","Jean Vincent-Bréchignac","1901","1981"
"75","http://www.wikidata.org/entity/Q56452288","Q56452288","1901","1993"
"76","http://www.wikidata.org/entity/Q3038282","Dovid Knut","1900","1955"
"77","http://www.wikidata.org/entity/Q170095","Robert Desnos","1900","1945"
"78","http://www.wikidata.org/entity/Q2908","Antoine de Saint-Exupéry","1900","1944"
"79","http://www.wikidata.org/entity/Q3263606","Louis Émié","1900","1967"
"80","http://www.wikidata.org/entity/Q545423","Jacques Audiberti","1899","1965"
"82","http://www.wikidata.org/entity/Q3379532","Philippe Chabaneix","1898","1982"
"83","http://www.wikidata.org/entity/Q4128","Louis Aragon","1897","1982"
"84","http://www.wikidata.org/entity/Q336467","Philippe Soupault","1897","1990"
"85","http://www.wikidata.org/entity/Q3496669","Stanislas Fumet","1896","1983"
"86","http://www.wikidata.org/entity/Q3171721","Jean Desthieux","1895","1944"
"87","http://www.wikidata.org/entity/Q10320343","Lucien Farnoux-Reynaud","1894","1962"
"88","http://www.wikidata.org/entity/Q11926206","Hyacinthe Yvia Croce","1893","1981"
"89","http://www.wikidata.org/entity/Q21008066","Noël Bureau","1892","1967"
"90","http://www.wikidata.org/entity/Q23765777","Louis Piéchaud","1892","1965"
"91","http://www.wikidata.org/entity/Q3123223","Géo-Charles","1892","1963"
"92","http://www.wikidata.org/entity/Q18115688","Gaston Picard","1892","1962"
"93","http://www.wikidata.org/entity/Q3427135","Renée Dunan","1892","1936"
"94","http://www.wikidata.org/entity/Q30278346","Marguerite Grépon","1891","1982"
"95","http://www.wikidata.org/entity/Q3068613","Ferdinand Lop","1891","1974"
"96","http://www.wikidata.org/entity/Q6755306","Marc-Adolphe Guégan","1891","1959"
"97","http://www.wikidata.org/entity/Q2828099","Aimée Barancy","1891","1984"
"98","http://www.wikidata.org/entity/Q3104166","Germaine Beaumont","1890","1983"
"99","http://www.wikidata.org/entity/Q71447","Claire Goll","1890","1977"
"100","http://www.wikidata.org/entity/Q2831177","Albert Flory","1890","1978"
"101","http://www.wikidata.org/entity/Q3503501","Sully-André Peyre","1890","1961"
"102","http://www.wikidata.org/entity/Q20961824","Charles Forot","1890","1973"
"103","http://www.wikidata.org/entity/Q5307942","Rosa Bailly","1890","1976"
"104","http://www.wikidata.org/entity/Q16944991","Joseph-Pierre Le Bras","1889","1915"
"105","http://www.wikidata.org/entity/Q12571","Edmond Privat","1889","1962"
"106","http://www.wikidata.org/entity/Q285992","Émile Henriot","1889","1961"
"107","http://www.wikidata.org/entity/Q100955413","René Flament","1889","1970"
"108","http://www.wikidata.org/entity/Q2825131","Adrien Bertrand","1888","1917"
"109","http://www.wikidata.org/entity/Q123080","Blaise Cendrars","1887","1961"
"110","http://www.wikidata.org/entity/Q161135","Savielly Tartakower","1887","1956"
"111","http://www.wikidata.org/entity/Q3301568","Maurice de Noisay","1886","1942"
"112","http://www.wikidata.org/entity/Q1299052","Emil Szittya","1886","1964"
"113","http://www.wikidata.org/entity/Q510114","Francis Carco","1886","1958"
"114","http://www.wikidata.org/entity/Q724343","Vladislav Khodasevich","1886","1939"
"115","http://www.wikidata.org/entity/Q2848208","André Mabille de Poncheville","1886","1969"
"116","http://www.wikidata.org/entity/Q16942655","Francesc Francís","1886","1973"
"117","http://www.wikidata.org/entity/Q81685","François Mauriac","1885","1970"
"118","http://www.wikidata.org/entity/Q3438929","Roger Dévigne","1885","1965"
"119","http://www.wikidata.org/entity/Q3436454","Robert Vallery-Radot","1885","1970"
"120","http://www.wikidata.org/entity/Q3263181","Louis Thomas","1885","1962"
"121","http://www.wikidata.org/entity/Q3426503","René Le Somptier","1884","1950"
"122","http://www.wikidata.org/entity/Q4138324","Henri Guilbeaux","1884","1938"
"123","http://www.wikidata.org/entity/Q2833874","Alexandre Mercereau","1884","1945"
"124","http://www.wikidata.org/entity/Q3367295","Pascal Bonetti","1884","1975"
"125","http://www.wikidata.org/entity/Q3300899","Maurice Heine","1884","1940"
"126","http://www.wikidata.org/entity/Q18197505","André Fage","1883","1948"
"127","http://www.wikidata.org/entity/Q21936829","Gontran Pailhès","1883","1960"
"128","http://www.wikidata.org/entity/Q3059862","Eugène Figuière","1882","1944"
"129","http://www.wikidata.org/entity/Q715195","Volin","1882","1945"
"130","http://www.wikidata.org/entity/Q3240951","Lily Lévy","1882","1958"
"131","http://www.wikidata.org/entity/Q3129247","Hector Fleischmann","1882","1914"
"133","http://www.wikidata.org/entity/Q522679","André Salmon","1881","1969"
"134","http://www.wikidata.org/entity/Q3056972","Ernest Gaubert","1881","1945"
"135","http://www.wikidata.org/entity/Q2623548","Sasha Chorny","1880","1932"
"136","http://www.wikidata.org/entity/Q18197575","Florian-Parmentier","1879","1951"
"137","http://www.wikidata.org/entity/Q3515001","Tancrède de Visan","1878","1945"
"138","http://www.wikidata.org/entity/Q57389","Alfred Döblin","1878","1957"
"139","http://www.wikidata.org/entity/Q2958846","Charles Daniélou","1878","1953"
"140","http://www.wikidata.org/entity/Q322520","Jean Schlumberger","1877","1968"
"141","http://www.wikidata.org/entity/Q3372081","Paul Reboux","1877","1963"
"142","http://www.wikidata.org/entity/Q3292905","Marie de Heredia","1875","1963"
"143","http://www.wikidata.org/entity/Q2861943","Armand Praviel","1875","1944"
"144","http://www.wikidata.org/entity/Q3131267","Henri Hertz","1875","1966"
"145","http://www.wikidata.org/entity/Q273338","Valentine de Saint-Point","1875","1953"
"146","http://www.wikidata.org/entity/Q3087508","Lucie Delarue-Mardrus","1874","1945"
"147","http://www.wikidata.org/entity/Q3176217","Jeanne de Flandreysy","1874","1959"
"148","http://www.wikidata.org/entity/Q12881801","Nikolaos Episkopopulos","1874","1944"
"149","http://www.wikidata.org/entity/Q14865058","Albert Laisant","1873","1928"
"150","http://www.wikidata.org/entity/Q1690095","Joachim Gasquet","1873","1921"
"151","http://www.wikidata.org/entity/Q3083622","François Paul Alibert","1873","1953"
"152","http://www.wikidata.org/entity/Q951835","Louis Feuillade","1873","1925"
"154","http://www.wikidata.org/entity/Q334965","Charles Péguy","1873","1914"
"155","http://www.wikidata.org/entity/Q2859996","Arshag Chobanian","1872","1954"
"156","http://www.wikidata.org/entity/Q2848545","André Rivoire","1872","1930"
"157","http://www.wikidata.org/entity/Q200639","Paul Valéry","1871","1945"
"158","http://www.wikidata.org/entity/Q98280196","Achille Steens","1871","1925"
"159","http://www.wikidata.org/entity/Q2824781","Adolphe Boschot","1871","1955"
"160","http://www.wikidata.org/entity/Q3241973","Lionel des Rieux","1870","1915"
"161","http://www.wikidata.org/entity/Q333106","Hilaire Belloc","1870","1953"
"162","http://www.wikidata.org/entity/Q3262686","Louis Mercier","1870","1951"
"163","http://www.wikidata.org/entity/Q3069186","Fernand Hauser","1869","1941"
"164","http://www.wikidata.org/entity/Q2731068","Philéas Lebesgue","1869","1958"
"165","http://www.wikidata.org/entity/Q3332173","Mécislas Golberg","1869","1907"
"166","http://www.wikidata.org/entity/Q2744857","Henri Antoine Jules-Bois","1868","1943"
"167","http://www.wikidata.org/entity/Q292539","Elena Vacarescu","1868","1947"
"168","http://www.wikidata.org/entity/Q2848670","André Spire","1868","1966"
"170","http://www.wikidata.org/entity/Q3293761","Marius André","1868","1927"
"171","http://www.wikidata.org/entity/Q3048","Charles Maurras","1868","1952"
"172","http://www.wikidata.org/entity/Q3142536","Hugues Delorme","1868","1942"
"173","http://www.wikidata.org/entity/Q16969064","Dauphin Meunier","1868","1927"
"176","http://www.wikidata.org/entity/Q56072951","Marius Richard","1868","1924"
"177","http://www.wikidata.org/entity/Q630464","Jehan Rictus","1867","1933"
"178","http://www.wikidata.org/entity/Q18115330","Louis Labat","1867","1947"
"179","http://www.wikidata.org/entity/Q3313017","Miguel Zamacoïs","1866","1955"
"180","http://www.wikidata.org/entity/Q3187854","Juana Richard Lesclide","1866","1951"
"181","http://www.wikidata.org/entity/Q545544","Richard Le Gallienne","1866","1947"
"182","http://www.wikidata.org/entity/Q1872437","Fabius de Champville","1865","1946"
"183","http://www.wikidata.org/entity/Q822562","Bernard Lazare","1865","1903"
"184","http://www.wikidata.org/entity/Q2835351","Alfred Mortier","1865","1937"
"185","http://www.wikidata.org/entity/Q2714600","Albert Aurier","1865","1892"
"186","http://www.wikidata.org/entity/Q15838237","Rodolphe Darzens","1865","1938"
"187","http://www.wikidata.org/entity/Q1892522","Marc-André Raffalovich","1864","1934"
"188","http://www.wikidata.org/entity/Q2825223","Adrien Mithouard","1864","1919"
"189","http://www.wikidata.org/entity/Q3106785","Pierre Quillard","1864","1912"
"190","http://www.wikidata.org/entity/Q3131619","Henri Mazel","1864","1947"
"191","http://www.wikidata.org/entity/Q3089566","Frédéric Amouretti","1863","1903"
"192","http://www.wikidata.org/entity/Q18115620","Mathias Morhardt","1863","1939"
"193","http://www.wikidata.org/entity/Q3188438","Jean Stanislas Jules Boissière","1863","1897"
"194","http://www.wikidata.org/entity/Q3384760","Pierre Dévoluy","1862","1932"
"195","http://www.wikidata.org/entity/Q3262461","Louis Le Cardonnel","1862","1936"
"196","http://www.wikidata.org/entity/Q268322","Han Ryner","1861","1938"
"197","http://www.wikidata.org/entity/Q3386688","Pierre Pronost","1861","1909"
"198","http://www.wikidata.org/entity/Q3130643","Henri Beauclair","1860","1919"
"199","http://www.wikidata.org/entity/Q2959857","Charles Morice","1860","1919"
"200","http://www.wikidata.org/entity/Q51107","Georges Courteline","1858","1929"
"201","http://www.wikidata.org/entity/Q338922","Félicien Champsaur","1858","1934"
"202","http://www.wikidata.org/entity/Q1852937","Paul Hervieu","1857","1915"
"203","http://www.wikidata.org/entity/Q1285628","Edmond Haraucourt","1856","1941"
"204","http://www.wikidata.org/entity/Q17428165","Amédée Louis Hettich","1856","1937"
"205","http://www.wikidata.org/entity/Q15267415","Félix Jeantet","1855","1932"
"207","http://www.wikidata.org/entity/Q127984","Jean Lorrain","1855","1906"
"208","http://www.wikidata.org/entity/Q3371324","Paul Ginisty","1855","1932"
"209","http://www.wikidata.org/entity/Q669685","Robert de Montesquiou","1855","1921"
"210","http://www.wikidata.org/entity/Q17486070","Léon Épinette","1855","1902"
"211","http://www.wikidata.org/entity/Q371905","Alphonse Allais","1854","1905"
"212","http://www.wikidata.org/entity/Q1872062","Louis de Gramont","1854","1912"
"213","http://www.wikidata.org/entity/Q16915076","Jules Auriac","1854","1936"
"214","http://www.wikidata.org/entity/Q18115649","Georges Nardin","1854","1901"
"215","http://www.wikidata.org/entity/Q5217915","Jeanne Lapauze","1854","1921"
"217","http://www.wikidata.org/entity/Q198644","Paul Bourget","1852","1935"
"218","http://www.wikidata.org/entity/Q18011912","Victor Billaud","1852","1936"
"220","http://www.wikidata.org/entity/Q18115106","Georges Gourdon","1852","1915"
"221","http://www.wikidata.org/entity/Q18117921","Sutter-Laumann","1852","1892"
"222","http://www.wikidata.org/entity/Q352287","Clovis Hugues","1851","1907"
"223","http://www.wikidata.org/entity/Q19569578","Henri Second","1851","1914"
"224","http://www.wikidata.org/entity/Q1471610","Frédéric Plessis","1851","1942"
"225","http://www.wikidata.org/entity/Q482188","Amédée Pigeon","1851","1905"
"226","http://www.wikidata.org/entity/Q9327","Guy de Maupassant","1850","1893"
"227","http://www.wikidata.org/entity/Q15838232","Paul Marrot","1850","1909"
"228","http://www.wikidata.org/entity/Q428451","Robert de Bonnières","1850","1905"
"230","http://www.wikidata.org/entity/Q15838235","Robert de La Villehervé","1849","1919"
"231","http://www.wikidata.org/entity/Q3588544","Émile Goudeau","1849","1906"
"232","http://www.wikidata.org/entity/Q2871210","Auguste Fourès","1848","1891"
"233","http://www.wikidata.org/entity/Q2058686","Paul Alexis","1847","1901"
"237","http://www.wikidata.org/entity/Q3102664","Georges Duval","1847","1919"
"238","http://www.wikidata.org/entity/Q3292581","Marie Huot","1846","1930"
"239","http://www.wikidata.org/entity/Q3047902","Edmond Lepelletier","1846","1913"
"240","http://www.wikidata.org/entity/Q744469","Eugène Vermersch","1845","1878"
"241","http://www.wikidata.org/entity/Q3047469","Edgar Monteil","1845","1921"
"242","http://www.wikidata.org/entity/Q2830922","Albèrt Arnavièlha","1844","1927"
"243","http://www.wikidata.org/entity/Q3189037","Julia Daudet","1844","1940"
"244","http://www.wikidata.org/entity/Q3579858","Édouard Frémy","1843","1904"
"245","http://www.wikidata.org/entity/Q2633356","Paul Arène","1843","1896"
"246","http://www.wikidata.org/entity/Q132082","Louis-Xavier de Ricard","1843","1911"
"247","http://www.wikidata.org/entity/Q3140439","Horace Bertin","1842","1917"
"248","http://www.wikidata.org/entity/Q3061162","Eutrope Lambert","1842","1910"
"249","http://www.wikidata.org/entity/Q103884823","Clément Privé","1842","1883"
"250","http://www.wikidata.org/entity/Q17496854","Guy de Binos","1841","1887"
"251","http://www.wikidata.org/entity/Q2959138","Charles Frémine","1841","1906"
"252","http://www.wikidata.org/entity/Q504","Émile Zola","1840","1902"
"253","http://www.wikidata.org/entity/Q4467251","Gilbert Augustin Thierry","1840","1915"
"254","http://www.wikidata.org/entity/Q274936","Émile Blémont","1839","1927"
"255","http://www.wikidata.org/entity/Q1356595","Ernest d'Hervilly","1839","1911"
"256","http://www.wikidata.org/entity/Q2958672","Charles Canivet","1839","1911"
"257","http://www.wikidata.org/entity/Q25410541","Emilio Biemont","1839","1926"
"258","http://www.wikidata.org/entity/Q18197531","Louis Dépret","1837","1901"
"259","http://www.wikidata.org/entity/Q2861362","Aristide Frémine","1837","1897"
"260","http://www.wikidata.org/entity/Q765905","Alcide Dusolier","1836","1918"
"261","http://www.wikidata.org/entity/Q3098968","Gaston Crémieux","1836","1871"
"262","http://www.wikidata.org/entity/Q515589","Jean-Baptiste Clément","1836","1903"
"263","http://www.wikidata.org/entity/Q2427436","Édouard Pailleron","1834","1899"
"264","http://www.wikidata.org/entity/Q18221221","Paulin Cheilan","1834","1907"
"265","http://www.wikidata.org/entity/Q59234676","Félix Jahyer","1834","1907"
"266","http://www.wikidata.org/entity/Q2872062","Aurélien Scholl","1833","1902"
"267","http://www.wikidata.org/entity/Q50656","Zacharie Astruc","1833","1907"
"268","http://www.wikidata.org/entity/Q1639653","Alexandre Piedagnel","1831","1903"
"269","http://www.wikidata.org/entity/Q3292106","Laetitia Marie Wyse Bonaparte","1831","1902"
"273","http://www.wikidata.org/entity/Q216092","Louise Michel","1830","1905"
"274","http://www.wikidata.org/entity/Q3734478","Eugène Chatelain","1829","1902"
"275","http://www.wikidata.org/entity/Q18197793","Amédée Rolland","1829","1868"
"276","http://www.wikidata.org/entity/Q3185416","Joseph Noulens","1828","1898"
"277","http://www.wikidata.org/entity/Q2442116","Étienne Carjat","1828","1906"
"279","http://www.wikidata.org/entity/Q20971324","Charles Bataille","1828","1868"
"282","http://www.wikidata.org/entity/Q1248992","Louis Ratisbonne","1827","1900"
"283","http://www.wikidata.org/entity/Q3348844","Octave Lacroix","1827","1901"
"284","http://www.wikidata.org/entity/Q3570595","Xavier Aubryet","1827","1880"
"285","http://www.wikidata.org/entity/Q3057004","Ernest Hamel","1826","1898"
"286","http://www.wikidata.org/entity/Q26702334","Alphonse Duchesne","1825","1870"
"287","http://www.wikidata.org/entity/Q475526","Charles Monselet","1825","1888"
"288","http://www.wikidata.org/entity/Q3047791","Edmond Cottinet","1824","1895"
"289","http://www.wikidata.org/entity/Q3370532","Paul Avenel","1823","1902"
"290","http://www.wikidata.org/entity/Q312630","Théodore de Banville","1823","1891"
"291","http://www.wikidata.org/entity/Q918268","Maxime Du Camp","1822","1894"
"292","http://www.wikidata.org/entity/Q2423099","Joseph Déjacque","1821","1864"
"293","http://www.wikidata.org/entity/Q3078592","Fortuné Henry","1821","1882"
"294","http://www.wikidata.org/entity/Q677200","Armand Barthet","1820","1874"
"295","http://www.wikidata.org/entity/Q984568","Charles de Mazade","1820","1893"
"296","http://www.wikidata.org/entity/Q940439","Auguste Vacquerie","1819","1895"
"297","http://www.wikidata.org/entity/Q3189001","Jules-Martial Regnault de Prémaray","1819","1868"
"298","http://www.wikidata.org/entity/Q3164101","Jean-Baptiste Gaut","1819","1891"
"299","http://www.wikidata.org/entity/Q41876247","Ange Pechméja","1819","1887"
"300","http://www.wikidata.org/entity/Q4132490","Gian Paolo Borghetti","1816","1897"
"301","http://www.wikidata.org/entity/Q2833984","Alexandre Privat d'Anglemont","1815","1859"
"302","http://www.wikidata.org/entity/Q18197847","Edmond Texier","1815","1887"
"303","http://www.wikidata.org/entity/Q705210","Arsène Houssaye","1814","1896"
"304","http://www.wikidata.org/entity/Q2404639","Louis Veuillot","1813","1883"
"305","http://www.wikidata.org/entity/Q3430952","Richard Lahautière","1813","1882"
"306","http://www.wikidata.org/entity/Q1035323","Henri Blaze","1813","1888"
"307","http://www.wikidata.org/entity/Q19856915","Eugène Woestyn","1813","1861"
"308","http://www.wikidata.org/entity/Q2839811","Henri-François-Alphonse Esquiros","1812","1876"
"309","http://www.wikidata.org/entity/Q2827371","Agénor Altaroche","1811","1884"
"310","http://www.wikidata.org/entity/Q3902829","Pier Angelo Fiorentino","1811","1864"
"311","http://www.wikidata.org/entity/Q274429","Édouard René de Laboulaye","1811","1883"
"312","http://www.wikidata.org/entity/Q3059805","Eugène Dayot","1810","1852"
"313","http://www.wikidata.org/entity/Q3082016","Francisque Tapon-Fougas","1810","1893"
"314","http://www.wikidata.org/entity/Q3371230","Paul Foucher","1810","1875"
"315","http://www.wikidata.org/entity/Q3087481","Hégésippe Moreau","1810","1838"
"316","http://www.wikidata.org/entity/Q18011883","Louis-Agathe Berthaud","1810","1843"
"317","http://www.wikidata.org/entity/Q3091464","Xavier Forneret","1809","1884"
"318","http://www.wikidata.org/entity/Q530375","Petrus Borel","1809","1859"
"319","http://www.wikidata.org/entity/Q314963","Jules Amédée Barbey d'Aurevilly","1808","1889"
"320","http://www.wikidata.org/entity/Q3372667","Paulin Gagne","1808","1876"
"321","http://www.wikidata.org/entity/Q191305","Gérard de Nerval","1808","1855"
"322","http://www.wikidata.org/entity/Q3090732","Fulgence Girard","1807","1873"
"323","http://www.wikidata.org/entity/Q3092420","Félix Davin","1807","1836"
"324","http://www.wikidata.org/entity/Q366464","Aloysius Bertrand","1807","1841"
"325","http://www.wikidata.org/entity/Q3439595","Roger de Beauvoir","1806","1866"
"326","http://www.wikidata.org/entity/Q2959585","Charles Lassailly","1806","1843"
"327","http://www.wikidata.org/entity/Q51272938","Charles de Nugent","1806","1881"
"328","http://www.wikidata.org/entity/Q2958916","Charles Didier","1805","1864"
"329","http://www.wikidata.org/entity/Q437094","Delphine de Girardin","1804","1855"
"330","http://www.wikidata.org/entity/Q332457","Léon Gozlan","1803","1866"
"332","http://www.wikidata.org/entity/Q551735","Edgar Quinet","1803","1875"
"333","http://www.wikidata.org/entity/Q2853942","Antoine Étienne Fontaney","1803","1837"
"334","http://www.wikidata.org/entity/Q289303","Étienne Arago","1802","1892"
"335","http://www.wikidata.org/entity/Q346091","Léon Halévy","1802","1883"
"339","http://www.wikidata.org/entity/Q60345747","Charles de Saint-Julien","1802","1869"
"340","http://www.wikidata.org/entity/Q6687763","Louis Marie Fontan","1801","1839"
"341","http://www.wikidata.org/entity/Q18057600","Jean-Georges Farcy","1800","1830"
"342","http://www.wikidata.org/entity/Q1362359","Joseph Méry","1797","1866"
"343","http://www.wikidata.org/entity/Q2370499","Armand-François Jouslin de La Salle","1794","1863"
"344","http://www.wikidata.org/entity/Q2959732","Charles Magnin","1793","1862"
"345","http://www.wikidata.org/entity/Q17634904","Mathurin-Joseph Brisset","1792","1856"
"346","http://www.wikidata.org/entity/Q3557133","Victor Augier","1792","1858"
"347","http://www.wikidata.org/entity/Q2959702","Charles Loyson","1791","1820"
"348","http://www.wikidata.org/entity/Q1974859","Émile Deschamps","1791","1871"
"350","http://www.wikidata.org/entity/Q17015704","Eugenius Roche","1786","1829"
"351","http://www.wikidata.org/entity/Q1606056","Henri de Latouche","1785","1851"
"352","http://www.wikidata.org/entity/Q948722","Alphonse Rabbe","1784","1829"
"353","http://www.wikidata.org/entity/Q3120005","Guillaume Lallement","1782","1828"
"354","http://www.wikidata.org/entity/Q2958622","Charles Brifaut","1781","1857"
"355","http://www.wikidata.org/entity/Q336010","Charles Nodier","1780","1844"
"356","http://www.wikidata.org/entity/Q18923552","Maurice Ourry","1776","1843"
"357","http://www.wikidata.org/entity/Q2689438","Jean-François Roger","1776","1842"
"361","http://www.wikidata.org/entity/Q3184846","Joseph Despaze","1776","1814"
"362","http://www.wikidata.org/entity/Q980235","Conrad Malte-Brun","1775","1826"
"363","http://www.wikidata.org/entity/Q2355014","Étienne Aignan","1773","1824"
"364","http://www.wikidata.org/entity/Q1871411","Louis-François Jauffret","1770","1840"
"365","http://www.wikidata.org/entity/Q15969851","Léonard Dusillet","1769","1857"
"366","http://www.wikidata.org/entity/Q2959479","Charles Joseph Colnet Du Ravel","1768","1832"
"367","http://www.wikidata.org/entity/Q49767","François-René de Chateaubriand","1768","1848"
"368","http://www.wikidata.org/entity/Q3383066","Pierre François Tissot","1768","1854"
"369","http://www.wikidata.org/entity/Q3170733","Jean Berrier","1766","1824"
"370","http://www.wikidata.org/entity/Q3157894","Jacques-Charles Bailleul","1762","1843"
"372","http://www.wikidata.org/entity/Q539301","François-Benoît Hoffman","1760","1828"
"373","http://www.wikidata.org/entity/Q3163769","Jean-Baptiste-Christophe Grainville","1760","1805"
"374","http://www.wikidata.org/entity/Q972144","Nicholas Bonneville","1760","1828"
"375","http://www.wikidata.org/entity/Q3387304","Pierre Villiers","1760","1849"
"376","http://www.wikidata.org/entity/Q553623","Louis Abel Beffroy de Reigny","1757","1811"
"377","http://www.wikidata.org/entity/Q203952","Antoine de Rivarol","1753","1801"
"378","http://www.wikidata.org/entity/Q561212","Sylvain Maréchal","1750","1803"
"379","http://www.wikidata.org/entity/Q1379808","Pierre-Louis Ginguené","1748","1815"
"381","http://www.wikidata.org/entity/Q530816","Ange-François Fariau","1747","1810"
"382","http://www.wikidata.org/entity/Q1986373","Nicolas-Étienne Framery","1745","1810"
"383","http://www.wikidata.org/entity/Q347891","Nicolas Chamfort","1741","1794"
"384","http://www.wikidata.org/entity/Q709670","Louis-Sébastien Mercier","1740","1814"
"385","http://www.wikidata.org/entity/Q379022","Jean-François de La Harpe","1739","1803"
"386","http://www.wikidata.org/entity/Q3184176","Giuseppe Cerutti","1738","1792"
"387","http://www.wikidata.org/entity/Q3047682","Edme-Louis Billardon de Sauvigny","1738","1812"
"388","http://www.wikidata.org/entity/Q2960729","Charles, marquis de Villette","1736","1793"
"389","http://www.wikidata.org/entity/Q3168191","Jean-Nicolas-Marcellin Guérineau de Saint-Péravy","1735","1789"
"390","http://www.wikidata.org/entity/Q361456","Claude-Joseph Dorat","1734","1780"
"391","http://www.wikidata.org/entity/Q1684952","Abbé Aubert","1731","1814"
"392","http://www.wikidata.org/entity/Q379923","Jean-François Marmontel","1723","1799"
"393","http://www.wikidata.org/entity/Q15967292","François-Zacharie de Pourroy de l'Auberivière de Quinsonas","1719","1759"
"394","http://www.wikidata.org/entity/Q3119582","Guillaume-Alexandre de Méhégan","1711","1766"
"395","http://www.wikidata.org/entity/Q2871626","Augustin Nadal","1659","1741"
"396","http://www.wikidata.org/entity/Q954563","Charles Rivière Dufresny","1648","1724"
"397","http://www.wikidata.org/entity/Q3173247","Jean Loret","1595","1665"
"399","http://www.wikidata.org/entity/Q27764","Louis Antoine de Saint-Just","1767","1794"
"400","http://www.wikidata.org/entity/Q535","Victor Hugo","1802","1885"
"403","http://www.wikidata.org/entity/Q154545","Léopold Sédar Senghor","1906","2001"
"404","http://www.wikidata.org/entity/Q170353","René of Anjou","1409","1480"
"408","http://www.wikidata.org/entity/Q188697","Alphonse de Lamartine","1790","1869"
"410","http://www.wikidata.org/entity/Q318391","Abel Bonnard","1883","1968"
"411","http://www.wikidata.org/entity/Q321684","Joseph Alexandre Pierre de Ségur, Viscount of Ségur","1756","1805"
"412","http://www.wikidata.org/entity/Q324998","Pierre-Jean de Béranger","1780","1857"
"414","http://www.wikidata.org/entity/Q334950","Agrippa d'Aubigné","1552","1630"
"418","http://www.wikidata.org/entity/Q360481","Vincent-Marie Viénot, Count of Vaublanc","1756","1845"
"419","http://www.wikidata.org/entity/Q374572","François-Joachim de Pierre de Bernis","1715","1794"
"420","http://www.wikidata.org/entity/Q205591","Jean-Pons-Guillaume Viennet","1777","1868"
"422","http://www.wikidata.org/entity/Q256991","Émile Augier","1820","1889"
"423","http://www.wikidata.org/entity/Q264918","Arthur de Gobineau","1816","1882"
"425","http://www.wikidata.org/entity/Q283654","Maria Skobtsova","1891","1945"
"427","http://www.wikidata.org/entity/Q294100","Jacques-Bénigne Bossueteta","1627","1704"
"429","http://www.wikidata.org/entity/Q310767","Lazare Carnot","1753","1823"
"430","http://www.wikidata.org/entity/Q312915","Eugène Pottier","1816","1887"
"431","http://www.wikidata.org/entity/Q438367","Eugène Manuel","1823","1901"
"432","http://www.wikidata.org/entity/Q521890","André Migdal","1924","2007"
"435","http://www.wikidata.org/entity/Q551744","Jean Richepin","1849","1926"
"436","http://www.wikidata.org/entity/Q551804","Michel de l'Hôpital","1505","1573"
"437","http://www.wikidata.org/entity/Q553446","Fabre d'Églantine","1750","1794"
"438","http://www.wikidata.org/entity/Q561729","Jean-Sifrein Maury","1746","1817"
"439","http://www.wikidata.org/entity/Q585558","Antoine-Vincent Arnault","1766","1834"
"440","http://www.wikidata.org/entity/Q603987","Auguste Hilarion, comte de Kératry","1769","1859"
"441","http://www.wikidata.org/entity/Q969823","Pierre Dupont de l'Étang","1765","1840"
"442","http://www.wikidata.org/entity/Q970585","François Andrieux","1759","1833"
"443","http://www.wikidata.org/entity/Q973961","Jean Regnault de Segrais","1624","1701"
"444","http://www.wikidata.org/entity/Q983363","Léon Damas","1912","1978"
"445","http://www.wikidata.org/entity/Q1029162","Camille Delthil","1834","1902"
"446","http://www.wikidata.org/entity/Q1063392","Charles Augustin Sainte-Beuve","1804","1869"
"447","http://www.wikidata.org/entity/Q1094964","Paul Déroulède","1846","1914"
"448","http://www.wikidata.org/entity/Q835566","Pierre-Antoine Lebrun","1785","1873"
"449","http://www.wikidata.org/entity/Q918355","Stanislas de Boufflers","1738","1815"
"451","http://www.wikidata.org/entity/Q958953","Jean Baptiste Gay, vicomte de Martignac","1778","1832"
"453","http://www.wikidata.org/entity/Q715144","Pierre Antoine Noël Bruno, comte Daru","1767","1829"
"454","http://www.wikidata.org/entity/Q725721","Stanislas de Guaita","1861","1897"
"455","http://www.wikidata.org/entity/Q727056","Astolphe-Louis-Léonor de Custine, Marquis de Custine","1790","1857"
"456","http://www.wikidata.org/entity/Q728806","Georges Leygues","1857","1933"
"457","http://www.wikidata.org/entity/Q736424","Marie-Joseph Chénier","1764","1811"
"458","http://www.wikidata.org/entity/Q745528","Claude Aveline","1901","1992"
"460","http://www.wikidata.org/entity/Q763907","Jacques-Joseph Deglimes","1778","1828"
"462","http://www.wikidata.org/entity/Q766010","Auguste-Marseille Barthélemy","1796","1867"
"463","http://www.wikidata.org/entity/Q1228890","Georges Spénale","1913","1983"
"464","http://www.wikidata.org/entity/Q1232379","Nicolas Faret","1600","1646"
"465","http://www.wikidata.org/entity/Q1247737","Melchior de Polignac","1661","1742"
"466","http://www.wikidata.org/entity/Q1262731","Louis-Philippe de Ségur","1753","1830"
"467","http://www.wikidata.org/entity/Q1296131","Nazi Boni","1909","1969"
"468","http://www.wikidata.org/entity/Q1296217","Louis-Marcelin de Fontanes","1757","1821"
"469","http://www.wikidata.org/entity/Q1312086","Jacques Auguste de Thou","1553","1617"
"470","http://www.wikidata.org/entity/Q1355203","Jean-Nicolas Bouilly","1763","1842"
"474","http://www.wikidata.org/entity/Q1374750","Jacques Rabemananjara","1913","2005"
"478","http://www.wikidata.org/entity/Q1393498","Victor de Laprade","1812","1883"
"479","http://www.wikidata.org/entity/Q1397972","François de Neufchâteau","1750","1828"
"480","http://www.wikidata.org/entity/Q1398268","Germain Muller","1923","1994"
"481","http://www.wikidata.org/entity/Q1407571","Robert Arnauld d'Andilly","1589","1674"
"482","http://www.wikidata.org/entity/Q1538693","Goswin de Stassart","1780","1854"
"485","http://www.wikidata.org/entity/Q2835255","Alfred Le Roux","1815","1880"
"487","http://www.wikidata.org/entity/Q2976705","Claude-Franc<U+031C>ois-Adrien Lezay-Marnézia","1735","1800"
"488","http://www.wikidata.org/entity/Q1592182","Jules Forni","1838","1901"
"491","http://www.wikidata.org/entity/Q1712278","Julien de Lallande Poydras","1746","1824"
"493","http://www.wikidata.org/entity/Q1750410","Maurice Couyba","1866","1931"
"494","http://www.wikidata.org/entity/Q1879434","Léon Laurent-Pichat","1823","1886"
"495","http://www.wikidata.org/entity/Q2845614","Anatole de Montesquiou-Fézensac","1788","1878"
"496","http://www.wikidata.org/entity/Q2848293","André Mercier du Rocher","1753","1816"
"497","http://www.wikidata.org/entity/Q2854087","Antoine Jacquemoud","1806","1887"
"501","http://www.wikidata.org/entity/Q3061110","Eusèbe de Salverte","1771","1839"
"502","http://www.wikidata.org/entity/Q3129278","Hector Rolland","1911","1995"
"503","http://www.wikidata.org/entity/Q3134345","Herri Gwilherm Kerouredan","1932","2008"
"504","http://www.wikidata.org/entity/Q3136003","Hippolyte-Louis de Lorgeril","1811","1888"
"507","http://www.wikidata.org/entity/Q3157920","Jacques-François-Marie Vieilh de Boisjolin","1760","1841"
"509","http://www.wikidata.org/entity/Q3072278","Fily Dabo Sissoko","1900","1964"
"510","http://www.wikidata.org/entity/Q3083300","François-Auguste Fauveau de Frénilly","1768","1848"
"511","http://www.wikidata.org/entity/Q3083303","François-Auguste Vinson","1791","1851"
"512","http://www.wikidata.org/entity/Q3083559","François-Marie Robert-Dutertre","1815","1898"
"513","http://www.wikidata.org/entity/Q3087923","Tristan Derème","1889","1941"
"514","http://www.wikidata.org/entity/Q2067096","Jean Reboul","1796","1864"
"515","http://www.wikidata.org/entity/Q2201654","Emmanuel Looten","1908","1974"
"519","http://www.wikidata.org/entity/Q2360417","Stéphen Liégeard","1830","1925"
"520","http://www.wikidata.org/entity/Q2871093","Auguste Brunet","1878","1957"
"521","http://www.wikidata.org/entity/Q2871136","Auguste Creuzé de Lesser","1771","1839"
"527","http://www.wikidata.org/entity/Q3159860","Jacques Replat","1807","1866"
"528","http://www.wikidata.org/entity/Q3164365","Jean-Baptiste Poncet-Delpech","1743","1817"
"529","http://www.wikidata.org/entity/Q3164434","Jean-Baptiste Sanson de Pongerville","1782","1870"
"530","http://www.wikidata.org/entity/Q2471259","Scévole de Sainte-Marthe","1536","1623"
"535","http://www.wikidata.org/entity/Q3089841","Frédéric Gaëtan, marquis de La Rochefoucauld-Liancourt","1779","1863"
"537","http://www.wikidata.org/entity/Q3103377","Georges Périn","1838","1903"
"538","http://www.wikidata.org/entity/Q3168192","Jean-Nicolas Bassenge","1758","1811"
"539","http://www.wikidata.org/entity/Q3169349","Jean-Pierre Giraudoux","1919","2000"
"543","http://www.wikidata.org/entity/Q3171583","Jean David","1924","2013"
"544","http://www.wikidata.org/entity/Q3271300","Léon Riotor","1865","1946"
"545","http://www.wikidata.org/entity/Q2958658","Charles Calemard de Lafayette","1815","1901"
"549","http://www.wikidata.org/entity/Q3121310","Gustave Rivet","1848","1936"
"550","http://www.wikidata.org/entity/Q3122229","Guy d'Arcangues","1924","2004"
"552","http://www.wikidata.org/entity/Q3386042","Pierre Légier","1734","1791"
"553","http://www.wikidata.org/entity/Q3419323","Raoul de Presles","1316","1382"
"554","http://www.wikidata.org/entity/Q3419384","Raphael Georges Lévy","1853","1933"
"555","http://www.wikidata.org/entity/Q3425972","René Richard Louis Castel","1758","1832"
"556","http://www.wikidata.org/entity/Q3426009","René Château","1906","1970"
"557","http://www.wikidata.org/entity/Q3300294","Maurice-Yves Castanier","1922","2014"
"558","http://www.wikidata.org/entity/Q3310053","Michel Labéguerie","1921","1980"
"560","http://www.wikidata.org/entity/Q3184547","Joseph Aurèle de Bossi","1758","1823"
"561","http://www.wikidata.org/entity/Q3185026","Odet-Joseph Giry","1699","1761"
"562","http://www.wikidata.org/entity/Q3185586","Joseph Rousse","1838","1909"
"563","http://www.wikidata.org/entity/Q3188663","Jules Hermann","1845","1924"
"564","http://www.wikidata.org/entity/Q3260432","Louis-Charles de Lavicomterie","1746","1809"
"565","http://www.wikidata.org/entity/Q3261212","Louis Belmontet","1799","1879"
"566","http://www.wikidata.org/entity/Q3261756","Louis Du Bois","1773","1855"
"567","http://www.wikidata.org/entity/Q3263052","Louis Rouquier","1863","1939"
"568","http://www.wikidata.org/entity/Q3526379","Théodore Éloi Lebreton","1803","1883"
"569","http://www.wikidata.org/entity/Q3340728","Nicolas Rapin","1535","1608"
"570","http://www.wikidata.org/entity/Q3358515","Ousmane Diop Socé","1911","1973"
"572","http://www.wikidata.org/entity/Q3382933","Pierre-Chaumont Liadières","1792","1858"
"573","http://www.wikidata.org/entity/Q3383114","Henri Lacretelle","1815","1899"
"574","http://www.wikidata.org/entity/Q3383151","Pierre-Jean-Baptiste Chaussard","1766","1823"
"575","http://www.wikidata.org/entity/Q3384483","Pierre Colomb","1887","1958"
"576","http://www.wikidata.org/entity/Q3570825","Xavier Magallon","1866","1956"
"579","http://www.wikidata.org/entity/Q6291724","José Bonifácio the Younger","1827","1886"
"580","http://www.wikidata.org/entity/Q12255775","Charles Beltzuntze","1796","1872"
"581","http://www.wikidata.org/entity/Q15615042","Amédée-David de Pastoret","1791","1857"
"582","http://www.wikidata.org/entity/Q15968827","Auguste Du Roure de Beaumont","1783","1858"
"584","http://www.wikidata.org/entity/Q15969923","Alfred Leconte","1824","1905"
"585","http://www.wikidata.org/entity/Q15970840","Louis Charvet","1901","1987"
"586","http://www.wikidata.org/entity/Q15981013","Louis-Antoine-François de Marchangy","1782","1826"
"587","http://www.wikidata.org/entity/Q16025967","André Lebey","1877","1938"
"588","http://www.wikidata.org/entity/Q16026232","Dionys Ordinaire","1826","1896"
"589","http://www.wikidata.org/entity/Q16026912","Charles Eugène Lébraly","1809","1871"
"590","http://www.wikidata.org/entity/Q16525196","Achille du Clésieux","1806","1893"
"591","http://www.wikidata.org/entity/Q16947557","Alain Taurinya","1914","2004"
"592","http://www.wikidata.org/entity/Q18011819","Joseph d’Avenel","1810","1891"
"593","http://www.wikidata.org/entity/Q18155899","George Bonnamour","1866","1954"
"594","http://www.wikidata.org/entity/Q29630041","Raoul Nativel","1897","1958"
"595","http://www.wikidata.org/entity/Q34651286","Ovida Delect","1926","1996"
"597","http://www.wikidata.org/entity/Q56525318","Prosper Coinquet","1825","1892"
